,j,Polarity,Coverage,Overlaps,Conflicts,Correct,Incorrect,Emp. Acc.
age,0,"[0, 1]",0.6054054054054054,0.45019305019305017,0.2725868725868726,652,132,0.8316326530612245
alcohol,1,"[0, 1]",0.5683397683397683,0.42316602316602314,0.25328185328185326,580,156,0.7880434782608696
health,2,"[0, 1]",0.5629343629343629,0.444015444015444,0.2725868725868726,445,284,0.6104252400548696
